sequence,label
KWKLFKKIGIGAVLKVLTPGLPALKLTK,1
GMATKAGTALGKVAKAVIGAAL,1
GIFPKIIGKGIKTGIVNGIKSLVKGVGMKVFKAGLSNIGNTGCNEDEC,1
GCRRLCYRQRCVTYCRGR,1
GLLKKLLKIAAKVGKKLL,1
GFGCPFNQGACHRHCRSIRRRGGYCAGLFKQTCTCYR,1
KFFRKLKKSVKKRAKKFFKKPRVIGVSIPF,1
AAFRGCWTKNYSPKPCL,1
FLKGIIDTVSKLF,1
ILSAIWSGIKSLF,1
GIWKFLKKAKKFWK,1
WLKKLLKKLLK,1
ELAKKALRALKKALKSAK,1
FLSLIPHAINAVSALVHHF,1
LRAAHRLAIGRR,1
GIMSSLMKKLKKIIKK,1
HGVTDSLSCRWKKGICVLTRCPGTMRQIGTCFGPPVKCCRLK,1
GFVALLKKLPLILKHLH,1
RRLRWKTRWRLK,1
FKRHVQRIKDFLR,1
SVMGTVKDLLIGAGKSAAQSVLKSLSCKLSNDC,1
GFLDSFKNAMIGVAKSAGKTALNTLACKIDKTC,1
QRPYTQPLIYYPPPPTPPRIYRA,1
AGRGKQGGKVRAKAKTRSSRAGLQFPVGRVHRLLRKGNY,1
AVLDILKDVGKGLLSHFMEKV,1
GRRKRKWLRRIGKGVKIIGGAALDHL,1
QKALAKLAKKALKALAKQ,1
IPCGESCVWIPCITAIAGCSCKNKVCYT,1
RRWCFRVCYKGFCYRKCR,1
FCKSLPLPLSVK,1
GINTLKKVIQGLHEVIKLVSNHE,1
WGRAFRRLVRRLARGLRR,1
LAFVAGVAAEMMQHVYCAASKKC,1
DSIRDVSPTFNKIRRWFDGLFK,1
ATCDLLSFSSKWVTPNHAGCAAHCLLRGNRGGHCKGTICHCRK,1
GLWKSLLKNVGKAAGKAALNAVTDMVNQS,1
AKCLRWQWEMRKVGG,1
LAKKIYRAWKRR,1
WKSYVRRWRSRY,1
GLLGPLLKIAAKVGKNLL,1
SIFAFQDESPSAIAQAKLFK,1
KGAAKGLLEVASCKLSKSC,1
HSSGYTRPLPKPSRPIFIRPIGCDVCYGIPSSTARLCCFRYGDCCHR,1
LLGDFFRKSKEKIGKEFKRIVQRIKDFLRNLVPRTES,1
SIFPAIVSFLSKFL,1
SFLTTFKDLAIKAAKSAGQSVLSTLSCKLSNTC,1
FVKWWSKWLKKIL,1
DERCTIIIHPGSPCDPSDCVQYCYAEYNGVGKCIASKPGRSANCMCTYNC,1
FITLLLRKFICSITKKC,1
EPNPNEFFGLM,1
GIINTLQKYYSRVRGGR,1
RRLFRRILRYL,1
GKWMSLLKHILK,1
EQPGGDKVNLGYFTN,1
RIIDLLWRVRRPQKPKFVTVWVR,1
RKCLRWQWRMRKVGG,1
FKSWSFCTPGCAKTGSFNSYCC,1
GMSGYIQGIPDFLKGYLHGISAANKHKKGRLGY,1
AGWGSIFKHIFKAGKFIHGAIQAHND,1
AYSGEKKCWNRSGHCRKQCKDGEAVKDTCKNLRACCIPSNEDH,1
GGLKKLGKKLEGVGKRVFKASEKALPVAVGIKALGK,1
GVIAAAKKVVNVLKNLF,1
KLIFILSKTIPAGKNLFYKI,1
DKLIGSCVWGAVNYTSNCRAECKRRGYKGGHCGSFANVNCWCET,1
QGVRSYLSCWGNRGICLLNRCPGRMRQIGTCLAPRVKCCR,1
GKLSGISKVLRAIAKFFKGVGKARKQFKEASDLDKNQ,1
FLPIIAGVAAKVLPKIFCAISKKC,1
WWSYVRRWRSR,1
FLPVVAGLAAKVLPSIICAVTKKC,1
GIGSAILSAGKSALKGLAKGLAEHFAN,1
GFLGILFHGVHHGRKKALHMNSERRS,1
KWKSFLKTFKSALKTVLHTALKAISS,1
GGTIFDCGESCFLGTCYTAGCSCGNWGLCYGTN,1
INLKALAALAKKIL,1
ELVRKNVDHLSTPDVLELV,1
RWCVYAYVRIRGVLVRYRRCW,1
QAKTFLDKFNHEA,1
RLWRIVVIRVAR,1
CIGNGGRCNENVGPPYCCSGFCLRQPNQGYGVCRNR,1
SKVWRHWRRFWHRAHRLH,1
FLRALWNVAKSVF,1
AQCGAQGGGATCPGGLCCSQWGWCGSTPKYCGAGCQSNCR,1
KCRRRKVHGPMIRIRKK,1
GLFSVVTGVLKAVGKNVAKNVGGSLLEQLKCKISGGC,1
AKKVFKRLEKLFSKIFNFK,1
FACRRWQWRMKKLGA,1
LALLKVLLRKIKKAL,1
FKKKKRNIGTFVFFAIALFCTVMFAYLLLTNQYVPIDYNVPRYA,1
WLRAFRRLVRRLARGLRR,1
RTCQSQSHKFKGACFSDTNCDSVCRTENFPRGQCNQHHVERKCYCERDC,1
ELAKKALRALKKALKSAK,1
FLSLIPHAINAVSALVHHF,1
LRAAHRLAIGRR,1
GIMSSLMKKLKKIIKK,1
KKCRERGGQCHSGVCSWNEKFIGFCSFARPCC,1
LILGKLWKGVKSIF,1
QLKKCWNNYVQGHCRKICRVNEVPEALCENGRYCCLNIKELEAC,1
GATIKKCVVDVKLSKPCTFQECQPLCLQKYNGNGLCPGDDNNICACVYNC,1
GMWSKIKNAGKAAKAAAKAAGKAALGAVSEAM,1
TPALAVVTTVLPAAAVTTAKSV,1
ATCDLFSFQSKWVTPNHAACAAHCLLRGNRGGQCKGTICHCRK,1
FLGMIPKLIKKLIKAFK,1
GANALKKYFTILKKFFKLAW,1
AALKGCWTKSIPPKPCSGKR,1
SVIGCWTKSIPPRPRCFVK,1
VTSKSLCTPGCITGVLMCLTQNSCVSCNSCIRC,1
KVPIGAIKKGGKIIKKGLGVIGAAGTAHEVYSHVKNRQ,1
LFGFLIPLLPHIIGAIPQVIGAIR,1
GIRCPKSWKCKAFKQRVLKRLLAMLRQHAF,1
INNWVRVPPCDQVCSRTNPEKDECCRAHGHAFHATCSGGMQCYRR,1
ELAKKALRALKKALKSAK,1
FLSLIPHAINAVSALVHHF,1
LRAAHRLAIGRR,1
GIMSSLMKKLKKIIKK,1
KWKLFKKI,1
NIWKKIFEKVKNLV,1
GLTFLKKILNFAKKIYTAIW,1
FSLIPSAIGGLISA,1
RFRPPIRRPPIRPPFYPPFRPPIRPPIFPPIRPPFRPPLGPFP,1
GLLDALSGILGL,1
APRKNVKW,1
FLPILGNLLSGLL,1
GFWGKLWEGVKSAI,1
GIGKFLHSAKKWGKAFVGEIMNS,1
YVSCLFRGARCRVYSGRSCCFGYYCRRDFPGSIFGTCSRRNF,1
YSLQMGATAIKQVKKLFKKWGW,1
FTMKKSLLLIFFLGTISLSLC,1
GILDAIKAIAKAAG,1
TWWRWW,1
RYCPRNPEACYNYCLRTGRPGGYCGGRSRITCFCFR,1
PFKISIHL,1
GLPTCGETCFGGTCNTPGCTCDSSWPICTHN,1
VRRFAWWWAFLRR,1
GILDVAKTLVGKLRNVLGI,1
LAMVKYYGNGVSCNWRKHSCKKGLSVDWVYFGLLHNLGALRWYQHR,1
ATCDLLSFEIKGFKLNDSACAAHCIQLGKRGGHCNNSKVCVCRR,1
SRRSCHRNKGVCALTRCPRNMRQIGTCFGPPVKCCRKK,1
GLLSSLSSVAKHVLPHVVPVIAEHL,1
FWGALAKGALKLIPSLFSSFSKKD,1
CYSAAKYPGFQEFINRKYKSSRF,1
ACNFQSCWATCQAQHSIYFRRAFCDRSQCKCVFVRG,1
LALKALLAVAKKIL,1
AIGNILKTLGNLAQKILGKQPKMLKLWKWNWKSSDVEYHLAKC,1
RRSRRGRGGGRRGGSGGRGGRGGGGRSGAGSSIAGVGSRGGGGGRHYA,1
DHYNCVSSGGQCLYSACPIFTKIQGTCYGGKAKCCK,1
GFGCPNNYQCHRHCKSIPGRCGGYCGGWHRLPCTCYRC,1
RRAARF,1
GYFCPYNGYCDHHCRKKLRWRGGYCGGRWKLTCICVRG,1
WKRWVQRWKRFLR,1
GVVDILKGAAKDIAGHLASKVMNKL,1
FLPMLAGLAANFLPKIVCKITKKC,1
KWLNALLHHGLNCAKGVLA,1
RVCMGKSAGFKGLCMRDQNCAQVCLQEGWGGGNCDGVMRQCKCIRQCW,1
GVLATVKNLLNGTGDGAAQSVLKTLSCKLSNDC,1
GIGKFLHSAKKFGKAFVGEIMNS,1
IKDAAKLIGKTVAKEAGKTGLELMACKITNQC,1
WRFRWKTRWRFK,1
LPFVAGVAAEMMQHVYCAASKKC,1
FRIRVRVFKRIVQRIKDFLR,1
SMWSGMWRRKLKKLRNALKKKLKGE,1
GFLDTFKNLALNAAKSAGVSVLNSLSCKLFKTC,1
IWSAIWSGIKGLL,1
STPVLASVAVSMELLPTASVLYSDVAGCFKYSAKHHC,1
ATFTIRNNCPYTIWAAAVPGGGRRLNSGGTWTINVAPGTA,1
LLKKLLKWLKK,1
FIGGIISFIKKLF,1
GLGSFFKNAIKIAGKVGSTIGKVADAIGNKE,1
TVVTNA,1
SIGFDGLNDPDIVAR,1
APPPGLSAGV,1
ALWKDVLKKIGTVALHAGKAALGAVADTISQ,1
INWKKIASIGKEVLKA,1
IIKVPLKKFKSMREVMRDHGIKAPVVDPATKY,1
LLPILGNLLNGLL,1
SVLSTITDMAKAAGRAALNAITGLVNQ,1
ADTLACRQSHQSCSFVACRAPSVDIGTCRGGKLKCCKWAPSS,1
RWCFRVCYRGICYRRCR,1
LKKLLKLQKKLLKLAG,1
AKKVFKRLEKLFSKIWNWK,1
VTQPLAPVHNPISV,1
GNNRPIYIPQPRPPHPRL,1
LLGRCKVKSNRFNGPCLTDTHCSTVCRGEGYKGGDCHGLRRRCMCLC,1
GIFSKISGKAIKNLFIKGAKNVGKEVGIDVVRTGMDVVGCKIKGEC,1
RCRFCCRCCPRMRGCGICCRF,1
DRCSQQCQHHRDPDRKQQCMRECRRHQGRSD,1
KKKKKAAFAKAWAAFAA,1
GLPTCGETCFGGTCNTPGCTCDPWPICTRD,1
TFLDKFNHEAEDLFYQ,1
GYNYAKKLANLAKKFANALW,1
LLKWLLKWLKK,1
VTCDLLSFEAKGFAANHSICAAHCLVIGRKGGACQNGVCVCRN,1
FLPIIAGVAAKVLPKLFCAITKKC,1
MPCSCKKYCDPWEVIDGSCGLFNSKYICCREK,1
AFAKLKK,1
DKLIGSCVWGAVNYTSDCAAEKRRGYKGGYCGSFANVNCWCET,1
RGRKSSRRKK,1
ATCDLLSGFGVNDSACAAHCILRGNRGGYCNGKKVCVCRN,1
GSAQPYKQLHKVVNWDPYG,1
GVFSFLKTGAKLLGSTLLKMAGKAGAEHLACKATNQC,1
CIANRNGCQPDGSQGNCCSGYCHKEPGWVAGYCR,1
GIMSSLMKKLKKIIAK,1
ILGIITSLLKSL,1
IDWKKLLDAAKQIL,1
GILDTLKNLAKTAGKGALQGLVKMASCKLSGQC,1
VRLRIRVAVRRA,1
MTPQGNKPSCHDVITNAWRPTATDSAAGRAPGYGVITNIINGGLDC,1
FLPIIASVAAKVFSKIFCAISKKC,1
SKCYQWQWRMRKLGA,1
VTCDLLSFEAKGFAANHSLCAAHCLAIGRRGGSCERGVCICRR,1
KKKSFIKLLTSAKVSVLTTAKPLISS,1
FFSALLSGIKSLF,1
GAKYAKYIYNFYKYIAKYIW,1
FWGTLAKLALKAVPAVMGMIKKE,1
SFGLCRLRRGFCARGRCRFPSIPIGRCSRFVQCCRRVW,1
ILGPVLGLVSNALGGLLKNI,1
FASLLGKLAKKLAKKALK,1
GWFKKAWRKVKHAGRRVLDTAKGVGRHYLNNWLNRYRG,1
KWCFRVCYRGICYRACR,1
FLPKLFAKITKKNMAHIR,1
LQDAALGWGRRCPQCPRCPSCPSCPRCPRCPRCKCNPK,1
FLPILGNLLNGLL,1
RIGSILGRLAKGLPTLRSWIKNR,1
LKCNKLVPLFYKTCPAGKNL,1
ARIQESTNDILKPITCNTNADCAKFCKGPIHNCVYHTCQCVPGNPHCC,1
RPKPQQFFGLM,1
MVRARRGCGCPLNQGACHRHCKSIGRRGGYCAGFLKQTCTCYRN,1
AKKVFKRLEKLFSKIWNDK,1
SILPTIVSFLSKVF,1
CAKAKAKAGSGAKAKAKAC,1
FVRWWSKWLRRIL,1
KAGLAFPVGRVHRLLRK,1
ARRRRSSSRPIRRRRPRRRTTRRRRGARRRR,1
SGKRWWRRKK,1
GLLRKWGKKWKEFLRRVWK,1
KLLKWWKKLL,1
NSGGAAVVAALGCAAGGVKYGRLLGPWGAAIG,1
SFLTTVKKLVTNLAALAGTVIDTIKCKVTGGC,1
LRDLVCYCRKRGCKRREHMNGTCRRGHLMYTLCCR,1
CVWGGDCTDFLGCGTAWICV,1
SFEPQKCWKNNVGHCRRRCLDTERYILLCRNKLSCCISIISHEYTRR,1
DCLSGRYKGPCAVWDNETCRRVCKEEGRSSGHCSPSLKCWCEGC,1
GLFDIVKKIAGHIASSI,1
FKRWVQRWKRFLR,1
FTSKKSMLLFFFLGTISLSLCQ,1
FLSAITSLLGKLL,1
GGLRSLGRKILRAWKKYGPQATPATRQ,1
FLQRIRGALGRLF,1
GLWQKIKNAAGDLASGIVEGIKS,1
CVKVSVKVGSGVKVSVKVC,1
KTHYPTNAWKSLWKGFWESLRYTDGF,1
GIGGALLSAAKVGLKGLAKGLAEHFAN,1
GIGGALLSAGKSALKGLAKGLAEHFAN,1
AALRGCWTKSIPPKPCSGKR,1
HHIIGGLFSAGKAIHRLIRRRRR,1
ALWKTLLKNVGKAAGKAALNAVTDMVNQ,1
QGVRNHVTCRIYGGFCVPIRCPGRTRQIGTCFGRPVKCCRRW,1
GIMSIVKDVAKTAAKEAAKGALSTLSCKLAKTC,1
FLPLLAGLAANFFPKIFCKITRKC,1
CYCRIPACIAGERRYGTCIYQGRLWAFCC,1
KWKSFIKKLLSKFLHSAKKF,1
KWKVFKKIEKVGRNIRDGIVKAGPAIAVLGQAN,1
VFGTLGSTDDSLFGRYKQDIFNDHRGHLQGQAYGSR,1
FVPWFSKFLKRIL,1
GLLKRIKALL,1
KSCCPNTTGRNIYNTCRLGGGSRERCASLSGCKIISASTCPSDYPK,1
TLISWIKNKRKQRPRVSRRRRRRGGRRRR,1
RAGLQFPVGRLLRRLLRRLLR,1
ATYYGNGLYCNKQKCWVDWNKASREIGKIIVNGWVQHGPWAPR,1
RDCESDSHKFHGACFSDTNCANVCQTEGFTAGKCVGVQRHCHCTKDC,1
ALWKNMLKGIGKLAGQAALGAVKTLVGAES,1
GFGSLGKALRLGANVL,1
GWKKWLRKGAKHLGQAAIKGLAS,1
WLRAFRRLVRRLARLLRR,1
GLLGTLGNLLNGLGL,1
WKLKWKLKWKLK,1
FKRLKKLISWIKRKRQQ,1
MGAIAKLVAKFGWPFIKKFYKQIMQFIGQGWTIDQIEKWLKRH,1
LLAILLLALLALRKKVLA,1
GLFVGVLAKVAAHVVPAIAEHF,1
GLFGVLAKVAAHVVPAIAEHF,1
DNTDSVVKIQSWFRMATARKSYL,1
KKLALLALKKWLPALKKLALLALKK,1
RIKRFWPVVIRTVVAGYNLYRAIK,1
INWLKLGKKILGAL,1
SAVGRHGRRFGLRKHRKH,1
VRRFPWWWPFLRR,1
LNLKALLAVAKAIL,1
GLGSLLGSLFKFIPKLLPSIQQ,1
EVRRRRRRPPCEDVNGQCQPRGNPCLRLRGACPRGSRCCMPTVAAH,1
SLKDKVKSMGEKLKQYIQTWKAKF,1
RTCESQSHKFKGPCFSDSNCATVCRTENFPRGQCNQHHVERKCYCERSC,1
FLPAIVGAAAKFLPKIFCVISKKC,1
KTCENLADTYRGPCFTTGSCDDHCKNKEHLLSGRCRDDFRCWCTKRC,1
HFLGTLVNLAKKIL,1
FLFSLIPHAIGGLISAFK,1
KKLLKKLLKWL,1
QGVRNFVTCRINRGFCVPIRCPGHRRQIGTCLGPRIKCCR,1
ESSLKKKALSKLSKLLKKG,1
VNYGNGVSCSKTKCSVNWGQAFQERYTAGINSFVSGVASGAGSIGRRP,1
ITSISLCTPGCKTGALMGCNMKTATCNCSIHVSK,1
LPRHTLHCVAYHGYCFHSKV,1
RRRPRPPYLPRPRPPPFFPPRLPPRIPPGFPPRFPPRFP,1
QYRHRCCAWGPGRKYCKRWC,1
ALWKTLLKKVLKA,1
GFWSSALEGLKKFAKGGLEALTNPK,1
GVVDILKGAAKDLAGHLASKVMNKI,1
FISNDECPSEYYHCRLKCNADEHAIRYCADFSICCKLKIIEIDGQKKW,1
FLPLIGRVLSGIL,1
FLSLIPHIVSGVASLAIHFG,1
RAVAVIIRLRRV,1
RMCKTPSAKFKGYCVSSTNCKNVCRTEGFPTGSCDFHITSRKCYCYKPCP,1
KKSCHTGLDRSAGWVIPIGTLVKKAILPWDRK,1
ATPTITTSSATCGGIIVAASAAQCPTLACSSRCGKRKK,1
GLNTLKKVFQGLHEAIKLINNHVQ,1
VDKGSYLPRPTPPRPIYNRN,1
GIWDTIKSMGKVFAGKILQNL,1
GGYYCPFFQDKCHRHCRSFGRKAGYCGGFLKKTCICVMK,1
AWCARVCYRGICYRRCR,1
LGDFFRKSKEKIGKEFKRIVQRIKDFLRNLAKRHHGYKRKFH,1
GLKDWWNKHKDKIIDVVKEMGKAGLQAA,1
MAGGKAGKDSGKAKAKAVSRSARAGLQFPVGRIHRHLK,1
KIRTRRGKDSGGPKMGRKNSKGGWRGRPGSGSRPGFGSGI,1
LNLKALLAVAKKAL,1
FVYGNGVTSILVQAQFLVNGQRRFFYTPDK,1
KWKLFKKIPKFLHLAK,1
GLMSVLKGVLKTAGKHIFKNVGGSLLDQAKCKITGQC,1
IQKEIDRLNEVAKNLNESLIDLQELGK,1
MGFGCPEDEYECHNHCKNSVGCRGGYCDAGTLRQRCTCYGCNQKGRSIQE,1
GILDTIKSIASKVWNSKTVQDLKRKGINWVANKLGVSPQAA,1
MHDFWVLWVLLEYIYNSACSVLSATSSVSSRVLNRSLQVKVVKITN,1
IGCWTKSIPPRPCFVK,1
ILAWKWAWWAWRR,1
DSHEKRHHEHRRKFHEKHHSHRGY,1
RGKRWWRRKK,1
FLGALWNVAKSLF,1
RWKVFKKIEKMGRNIRDGIVKAGPAIEVLGSAKALGK,1
SGKLYYRRKK,1
VNYGNGVSCSKTKCSVNWGIITHQAFRVTSGVASG,1
KNLKALLAVAKKIL,1
ATCDLFSFRSKWVTPNHAACAAHCLLRGNRGGRCKGTICHCRK,1
RKFHEKHHSHRGYR,1
GLWETIKNFGKKFTLNILHNLKCKIGGGC,1
GLSQGVEPDIGQTYFEESRINQD,1
GILSTIKDFAIKAGKGAAKGLLEMASCKLSGQC,1
QSPLSQSSHEFTVVSPYLSCFGIEECLFYLYFKLYDLCVILLCTWFDLSE,1
MNFLKNGIAKWMTGAELQAYKKKYGCLPWEKISC,1
GFGCPNNYQCHRHCKSIPGRCGGYCGGWHRLRCTCYRC,1
IFGAIWNGIKSLF,1
DLHIPPPDNKINWPQLSGGGGGSPKTGYDININAQQK,1
RWFKIQMQIRRWKNKK,1
KYGDVPLY,1
GFGSFLGKALKAALKIGADVLGGAPQQ,1
GFLDKLKKGASDFANALVNSIKGT,1
GLLGPLLKIAAKVGSKLL,1
KNLRRIIRKGIHIIKKYG,1
RPIDTCRLRNGICFPGICRRPYYWIGTCNNGIGSCCARGWRS,1
KQTENLADTY,1
RCVCTRGFCRCVCTRGFC,1
VGALAVVVWLYLWLW,1
GCRRLCYKQRCVTWCRGR,1
GLLGPLLKIAKKVGSNLL,1
FLGALWNPAKSVF,1
EGGGPQWAVGHFM,1
GLFKVLGSVAKHLLPHVAPVIAEKL,1
KWKLFKKIPFLHLAKKF,1
FLPLIGKVLSGIL,1
GIMSIVKDVAKNAAKEAAKGALSTLSCKLAKTC,1
FLKGCWTKWYSLKPKCPF,1
GWGSIFKHGRHAAKHIGHAAVNHYL,1
ALWKNMLSGIGKLAGQAALGAVKTLV,1
VFQFLGKIIHHVGNFVHGFSHVF,1
GIFSSRKCKTPSKTFKGYCTRDSNCDTSCRYEGYPAGD,1
LLPIVGNLLKSLL,1
KCSWWNASCHLGNNGKICTVSHECAAGCNL,1
FIFDLLKKLV,1
ADDKNPLEEFRETNYEVFLEIAKNGLKATSNPKRVVIVGAGMAGLSAAY,1
TFPKCAPTRPPGPKPCDINNFKSKFWHIWRA,1
SLLSLIRKLIT,1
ATCDLLSGFGVGDSACAAHCIARGNRGGYCNSKKVCVCPI,1
INWLKLGKKMMSAI,1
LKLLKKLLKKLKKLL,1
FLPLVLGALSGILPKIL,1
VWRHWRRFWHR,1
AAGMGFFGAR,1
GNGVFKTISHECHLNTWAFLATCCS,1
GWANTLKNVAGGLCKITGAA,1
FLPGLIAGIAKML,1
KKLLKWLLKLL,1
IKLSKETKKNLKKVLKGAIKGAIAVAKMV,1
KRFKKFFKKLKNSVKKRAKKFFKKPKVIGVTFPF,1
GFWSKIKDFAKKAWNSPLANELKSKALNAAKNFVSEKIGATPS,1
GIMSSLMKKLAKIIKK,1
VTCYCRRTRCGFRERLSGACGYRGRIYRLCCR,1
WSGFTQGVGNPVSCVRNKGICVPIRCPGNMKQIGTC,1
FLLSLPHLASGLASLVLSK,1
TNWKKIGKCYAGTLGSAVLGFGAMGPVGYWAGAGVGYASFC,1
WKRWVQRWKRWLR,1
FLPIVGRLISGLL,1
INWKKIAEVGGKILSSL,1
SIVPIRCRSNRDCRRFCGFRGGRCTYARQCLCGY,1
FVDLKKIANIINSIFKK,1
GFMDTAKNVAKNMAVTLLDNLKCKITKAC,1
YKRCHKKGGHCFPKTVICLPPSSDFGKMDCRWKWKCCKKGSVNNA,1
GLVSSIGRALGGLLADVVKSKEQPA,1
YKRCHKKGGHCFPKEKICTPPSSDFGKMDCRWKWKCCKKGSVN,1
GIFSLIKGAAQLIGKTVAKEAGKTGLELMACKVTKQC,1
FLPILASLAAKFGPKLFCLVTKKC,1
GTWDDIGQGIGRVAYWVGKALGNLSDVNQASRINRKKKH,1
VRLRIRVAVIRK,1
FFSMIPKIAGGIASLVKNLG,1
KKLFKKILKYLA,1
FFPIVGKLLS,1
GKFSVFGKILRSIAKVFKGVGKVRKQFKTASDLDKNQ,1
GFSSIFRGVAKFASKGLGKDLAKLGVDLVACKISKQC,1
DDGIEMTEEEVKRGILDLVTHVAKNLAAQLLDKLKCKMTGC,1
RIKRFWPVVIRTVVAGYNLY,1
TFLDLEYEMKKLEEAIKKLEESYIDLKELGTYEYYVGSGK,1
GSEIRGPCIDRFCRVICRNNGYESGHCNRWARGCSCASWIGR,1
GFMDTAKNVAKNMAGNLLDNLKCKITKAC,1
GIGRKFLGGVKTTFRCGVKDFASKHLY,1
QEYRGWMDF,1
ALWKTLLKGAGKVFGHVAKQFLGSQGQPES,1
GKIPVKAIKQAGKVIGKGLRAINIAGTTHDVVSFFRPKKKKH,1
FLPAVLRVAAKIVPTVFCAISKKC,1
KKKYPEYGSLDLRRECRIGNGQCKNQCHENEIRIAYCIRPGTHCCLQQ,1
RWWWRWW,1
GKVWDWIKSTAKKLWNSEPVKELKNTALNAAKNFVAEKIGATPS,1
VSTLSVSSPCPGWPSSFTWSNC,1
RMCKTPSGKFKGYCVNNTNCKNVCRTEGFPTGSCDFHVAGRKCYCYKPCP,1
PCNPDHDYRPFGNFRIAFTT,1
GLWDSIKIAGKKLFVNVLDKIRCKVAGGC,1
IWNKIAKSIGKVLEKAL,1
GIGGALLSAGKSALKGLAKGLAEHFAS,1
IGKEFKRIVQRIKDFLRNLVPRTES,1
FLPKMSTKLRVPYRRGTKDYH,1
LTCDLLSFEAKGFAANHSLCAAHCLAIGRKGGACQNGVCVCRR,1
FKCRRWQWRMKKLGAPSITCVRRAF,1
ETELAKKALKALKLKKLA,1
ALWLAIRKR,1
DCLSGKYKGPCAVWDNEMCRRICKEEGHISGHCSPSLKCWCEGC,1
EAALKAALDLAAKLA,1
SGTSEKERESGRLLGVVKRLIVGFRSPFR,1
KLLKWLLK,1
VGALAVVVWLFLWLW,1
GIMDTIKDTAKTVAVGLLNKLKCKITGC,1
TAGPAIRASVKQCQKTLKATRLFTVSCKGKNGCK,1
GVIPCGESCVFIPCISAAIGCSCKNKVCYRN,1
FLWSLIPSAISAVTSLIKK,1
GFFALIPKIISSPLFKTLLSAVGSALSSSGGQE,1
NVWKKVLGKIIKVAK,1
MMRVMRRKTKVIWEKKDFIGLYSID,1
TIDFGVRNINQSNLVYDTER,1
KYYGNGVTCGLHDCRVDRGKATCGIINNGGMWGDIG,1
HGPDSCNHDRGLCRVGNCNPGEYLAKYCFEPVILCCKPLSPTPTKT,1
PAQPFRIKKRQGPFERP,1
RWGKWFKKATHVGKHVGKAALTAYL,1
KLLGPLLKIAAKVGSNLL,1
VGSIEKCWNFRGSCRDECLKNEKVYVFCMSGKLCCLKPKDQPHLPQRTKN,1
GKKLFVNVLDKIRCKVAGGC,1
GILGNIVGMGKQVVCGLSGLC,1
ALFSILRGLKKLGNMGQAFVNCKIYKKC,1
APRKQLKW,1
RTCRCRFGRCFRRESYSGSCNINGRISSLCCR,1
APRWKFGKRLEKLGRNVFRAAKKALPVIAGYKAL,1
FLSLLPSLVSGAVSLVKIL,1
HRWWRWWRR,1
WLGSALKIGAKLLPSVVGLFQKKKK,1
FLGLIFHGLVHAGKLIHGLIHRNRG,1
PDPAKTAPKKGSKKAVTKA,1
LE,1
SSLLEKGLDGAKKAVGGLGKLGKDAVEDLESVGKGAVHDVKDVLDSV,1
GIHDILAYGKPS,1
FLPALIGIAAKALPSLLCKITKKC,1
MGAIAKLVTKFGWPLIKKFYKQIMQFIGQGWTIDQIEKWLKRH,1
ILRWPWWPWRRKM,1
RPKHPIKHQGLPQEVLNENLLRF,1
AKRIVQRIKDFLR,1
SAIWFWMTPQSPK,1
LQDAAVGWGRRCPQCPRCPSCPSCPRCPRCPRCKCNPK,1
FLPFLATLLSKVL,1
GLWQKIKSAAGDLASGIVEAIKS,1
GKFSGFAKILKSIAKFFKGVGKVRKQFKEASDLDKNQ,1
ALWKDILKNLLKAALNEINQIVQ,1
NPLSCRLNRGICVPIRCPGNLRQIGTCFTPSVKCCRWR,1
GIGGVLLSAGKAALKGLAKVLAEKYAN,1
KWKSFLKTFKSAKKTVLHTALKLISS,1
FLPLLFGAISHLL,1
GLLSVLGSVVKHVIPHVVPVIAEHL,1
IHHIHHHIHHIHHH,1
GPIRRPKPRPRPRPE,1
RIRWILRYWRWS,1
KFKKLFKKLSPVIGKEFKRIVERIKRFLR,1
GANAAKKFATIAKKFINYLW,1
FPFLLSLIPSAISAIKRL,1
KKKAAFAKAWAKAFKAA,1
SAPRGCWTKSYPPKPCK,1
LRDLVCYCRKRGCKRREHMNGTCRKGHLLYMLCCR,1
WFKKLLKKALRLWKKVL,1
GMWSKILGHLIR,1
KILPGVCKKIMRPFLRRISKDILTGKK,1
KDCKTESNTFPGICITKPPCRKACIKEKFTDGHCSKILRRCLCTKPC,1
GVLSNVIGYLKKLGTGALNAVLKQ,1
EIAVCETCRLGRGKCRRACIESEKIVGWCKLNFFCCRERI,1
GIINTLQKYYCRVRGGRCAVLTCLPKEEQIGKCSTRGRKCCRRKK,1
SLGVTLGAAGVYTATQTIATQIWKCGAVLTTSAECSRTGNSC,1
GLWKSLLKNVGVAAGKAALNAVTDMVNQ,1
GIMISLMKKLAAHIAK,1
ANQFNSAIGKIQDSLSSTASALGKLQDVVNQNAQALNTLVKQ,1
GAYFDGFDVPCVPRRDDC,0
MAVPKRRVSHSRSAKRRTHYKITLAKPVKDKDGTYKLPHHINPTTGEYK,0
MLAEGEPAIVQIGWAATCVMFSFSLSLVVWGRSGL,0
MEKKLEEVKQLLFRLELDIKETTDSLRNINKSIDQLDKYNYAMKIS,0
NYDKNFLRF,0
CCPPVIWCC,0
MKVRASVKKMCPKCRVIRRHGKVMVICSNPKHKQRQG,0
MKVVSSIKSAKKRHPACQVVRRRGKIYVINKVEPRYKARQG,0
AIPCGESCVWIPCISAAIGCSCKNKVCYR,0
MHDIWVITTSPACFEILYKYCKQKGRARMGGLIVKIIRFNHASV,0
GEWEIIDIGPFTQNLGKFAVDEENKIGQYGRLTFNKVIRPCMKKTIYEEN,0
AGCKYLFGSCKEDSDCCKHLGCRRKAPQYCGWDGTF,0
MGQEPKGIESRKIQDGHVRKKVGRQQGLWVRTTKKEKFSRMSRDANV,0
PAASESGFRRDP,0
MATAFLPSILADASFLSSIFVPVIGWVVPIATFSFLFLYIEGEDVA,0
MRKKITLACKDCGSRNYTTMKSDASAAERLEVKKYCKTCNSHKTHLETK,0
MALILYAIFYLFLVLLNFFHSFKQESNKLELSQWKKGERGKC,0
MLDLNITKLVTTVVIIAACCLFYLLALDSYCDQGGTFSTGICAITTIVPW,0
MTDFPSIFVPLVGLVFPAIAMASLSLHVENNKIV,0
MKVRPSVKKMCEHCKIVKRNGRVMVICSANPKHKQRQGK,0
MKKVTSLKKRSDNCKIVKRKGCLRIINKLNPKFKQKQG,0
MTQAPPVATTPRNYPIFTVRWLALHTLGIPTVFFLGALAAMQFIRR,0
MRNEIAINHQMLRAAQNKAVIARFIGDSKMWLEANKAMKSAINLPWYRRK,0
DDCGGLFSGCDSNADCCEGYVCRLWCKYKL,0
MRVNIQLACTECKRRNYATDKNKKNTTGRLELKKYCPWDKKHTVHRETK,0
MKVRNSLKSLKNRHRDCRVIRRRGRTYVINKTNRRFKARQG,0
MLESIINLVSSGAVDSHTPQTAVAAVLCAAMIGLFS,0
GIPCGESCVYIPCTVTALLGCSCKDKVCYKN,0
MSKKTYQPSKIRRNRSHGFLVRSRTKNGQAILRRRRAKGRKRLAV,0
MAQNEEKTPKSQKIQDRIIMAMIWVVAALVIALVVGTALNYINIFK,0
MSDINATRLPIWGIGCDPCVGDDVTAVLTRGEA,0
GIPCGESCVYIPCITTAIGCSCKNKVCYRN,0
AGGKATCCPCFMCSYTAGCPWGQCAHHCGCD,0
MSASYLPSILVPLVGLVFPAVTMASLFLYIEQDEIV,0
MLNLLVITLPILAAIGWVTLNIQKPAREQWDRQFGDNKPF,0
GPDSSFLRL,0
MEVNILAFIATALFILIPTSFLLIIYVKTVSQNN,0
MKDFTTYLSTAPVVAAAWFTFTAGLLIEINRFFPDPLAFSF,0
HSDAVFTDNYSRIRKQMAVKKYINSLLA,0
MQVNDLGFVASILFVLVPSVFLIILYIQTASREGKKDS,0
MFEISFYIALKNFNSLGILKMWRFI,0
MNKFLTAAPVVAAIWFTATAGILIEWNRFFPDLLFHPM,0
MKRTFQPSTIKRARTHGFRARMATKNGRAVLSRRRAKGRKRLAV,0
MTRTAVLLLTLLFLVAMAASDKIKTRELCWSERECENGK,0
MLLEPRVTGCFLSSSEQALPPAIYFPLLLLLRSGARNIVGITSVG,0
MPMATTIDGTDYTNIMPSTVSTRVYLGCSIGIDTSTTGFTCFSWY,0
MTPSLGSFIASLFAGAFIALAIGGVLVFISQSDRVTRS,0
CYISNCPIG,0
DVCDSLVGGRCIHNGCYCERSAPNGNCCDTAGCTVLWWCPGTKFD,0
MEAFSYVLILTLALVTLFFAVAFRDPPKYDK,0
MKRTYQPSKLVRKRRHGFRARMATVGGRRVIAARRARGRKRLSA,0
MTTISNLPAIFVPLVGLVFPAIAMVSLSLHVQKNKIF,0
MKILSSLKTAKHRHPDCRIVRRRGRLYVICKSDPRFKARQR,0
AEKDCIAPGAPCFGTDKPCCNPRAWCSSYANKCL,0
ACLGFGEKCNPSNDKCCKSSSLVCSQKHKWCKYGW,0
SDPKIGDGCFGLPLDHIGSVSGLGCNRPVQNRPKK,0
IDHRCGREATPPGKLCNDGRCCSQWGWCGTTQAYCSGKCQSQCDCNRDL,0
MLTLKIFVYTVVTFFVCLFIFGFLSNDPARNPGKNLD,0
MKVVSSIGSLKNRSKDCQIVKRRGRIYVICKTDPRLKVRQGGAKMKRK,0
MKIKNSLKSLKTRHRENRLVRRKGRVYIINKSNPRFKARQG,0
MTLMSGEGQGKSSSVKRVPTIAATLVFFFSNSFLPASR,0
MNLEVVAQLTALAFIVLSGPLVIALLAFRKGNL,0
MKVRKSLRSLKNKPGAQVVRRHGKVYVINKKDPRFKARQG,0
GGGSSGETNGMWFGPRL,0
CAAFGSFCGLPGLVDCCSGRCFIVCLL,0
MADKPNMTEITSFDKTKLRKTETQEKNPLPTKETIEQERQGESTP,0
DVCDSLVGGRCIHNGCYCERDAPNGNCCNTDGCTARWWCPGTKWD,0
MMTTLLPVFTKPSPLALNALRAGRICRFLLIPDGRIR,0
GLPVCGETCVGGTCNTPGCTCSWPVCTRD,0
EAAGLLPFPRL,0
QKKDKKDKFYGLM,0
MDIISLGWAGVMTMFTFSLALVVWGRNGF,0
MKTLLVFLLLAILVAVLIGNSQVEACNDNAQCGPLGACIMGYFLPIG,0
GCCGAFACRFGCTPCC,0
QPNPDEFFGLM,0
MYYAVVLVILAVVAGIAGFRGIAGLSFRVAKFLIVIFLVLALVTFLL,0
EVLLEGPSGVLFKDGQKKYLPPGVKIVLLSKAGAVLSNGDNVQF,0
MGKRKANHIVPGMNAASAQGQGTGYNEEFANEPLTAAQRQNNKKRKKNQ,0
MKRTYQPSVTRRKRTHGFRVRMKTAGGRKVINARRAKGRKRLAI,0
MVITSENDEDRGGQEKESKEESVLAMLGIIGTILNLIVIIFVYIYTTL,0
DGCCIAKQCC,0
METATLVAIFISGLLVSFTGYALYTAFGQPSEQLRDPFEEHGD,0
HSQGTFTSDYSKYLDSRRAQDFVQWLMST,0
MVEPLLSGIVLGMITVSAFGLFVAAFLQYRRGNQFEI,0
MEKKEEQYINQAEYVPHPTKEGEYALFLHETYHLLSEDDETQTTE,0
MRKKIIFVCQDCLSRNYVKRWTKQPLQRLIINKYCKQCNQKTKHLDSF,0
ACCVYKICYPC,0
LRPAVIRPKGK,0
MKVRASVKKICRNCKIIKRNGVVRVICTDAKHKQRQG,0
MTYHKVSPDGRMSKEKENFFRYRNQLIVLNRYMH,0
MAKMKHGSAQFRPDHLGTQPRKSDANKGKKMNTKGNENPQYIPPKG,0
MARYRCCRSQSRSRCRRRRRRCYRRRRRCCRRRRRRVCCRRYTRYRRR,0
MLKFILALALFLHLTMEASAACKGKKCPPTGFVGMRG,0
MKRTYQPSVTKRKRTHGFRARMATKNGRAVLARRRAKGRHRLCP,0
IKCTLSKDCYSPCKKETGCPRAKCINRNCKCYGCS,0
MLTLKIFVYTVVTFFVSLFIFGFLSNDPGRNPGER,0
MLYPLSYMLLWTDSIVEQYKKFYLFRFDL,0
CISARYPCSNSKDCCSGNCGTFWTCFIRKDPCSKECLAP,0
ACGSCRKKCKGPGKCINGRCKCY,0
MLTLKLFVYTVVIFFVSLFVFGFLSNDPKRNPGRKE,0
MELAMLLAKLPEAYSVFNPLVDVLPVIPVFFLLLAFVWQAAVGFR,0
MRKKITLACKTCGNRNYTTMKSSASAAERLEVKKYCSTCNSHTAHLETK,0
MPTITSYFGFLLAASTITSALLIGLSKIRLI,0
MVEALLSGIVLGSIPITLAGSFVTAYPQYRRGDQLDLR,0
GFGALFKFLAKKVAKTVAKQVAKKQME,0
MGKEIVESAILSSVLVLVGLAVGFLLLKVQGE,0
MPQLVPFYFLNQLVYGFALVTILLVLFAQYFLPQILRLYVSRLFISKL,0
DRDSCVDKSKCAKYGYYYQCDECCKKAGDRAGTCEYFKCKCNP,0
MKRTWQPNRRKRAKTHGFRARMKTPGGRNVLKRRRRKGRWRLTPKVSG,0
CSNLSTCVLGKLSQDLHKLQTFPRTNTGAGVP,0
ECRYLFGGCKTTADCCKHLGCKFRDKYCAWDFTFS,0
MANTTGRIPLWLVGTVTGTLVIGLMGIFFYGAYSGLGSSL,0
ARGPQLRLRF,0
MKKFLTTAPVVAAIWFTATAGILIEWNRFFPDLLFHPM,0
IIGDTINGAITTADNIAGKIGII,0
ECCHRQLLCCLRFV,0
MKALYMVFVLWVLIGCFLRCKERMGSEEKQAQEDPGDQDL,0
MLALKISVYSVVFFFLGIFVFGFLASDPSRTPSRKDLED,0
MKVRPSVKKICEKCKVIKRHGKVMVICENPKHKQRQG,0
GPNPGFSPFR,0
MKVRASVKKMCEKCRVIRRHGRVMVICTATQKHKQRQG,0
MAKKVGLACDICGARDYTTMKKEDVSIRLELKKFCRRCNAHTIHKEAK,0
MRAKWKKKRMRRLKRKRRKMRQRSK,0
MDIVSLAWAVLMVVFTFSLSLVVWGRSGL,0
NSELINAILGSPTLFGEV,0
THDFMRF,0
MTTRNPNQPVSYPIFTVRWIAVHTLAVPSVFFLGAIAAMQFIHR,0
MHLQLIKDNIHSVVICYT,0
FDLGMLVKKVLAGL,0
MTKRTFGGTSRKRKRVSGFRVRMRNHTGRRVIRSRRKRGRARLAV,0
MIKVPLPDVIFVAHRNKHTRQGNITQTKY,0
MSGSGRIPLWVVATIAGLGIITVLGIFFYGAYAGLGSSI,0
MKVRTSVKKLCRYCEIVKRHNVIRVVCRADPKHKQRQG,0
MIEPLLCGIVLGLVPITLLGLFVSAWNQYRRGSGLLDMD,0
MQDIKTYLSTAPVLTTLWFGSLAGLLIEINRLFPDALSFPFFSS,0
GCDLSTCATHNLVNELNKFDKSKPSSGGVGPESP,0
MPGAFSQNSSKRRAVLPRSHRVAGRGPAEAGCLPGAPAGS,0
MWHLVVLLEELCERGINFRALAQSIFAQQWGDECCKSKTICDLKVIV,0
GGPYSYGL,0
NSELINSILGLPKVMNDA,0
MKKSLWLWGFTDSAETWNGRFAMIGFISVIFIEVVTGQGLLYLIGMMS,0
MKVRNSLKSLRGRHRDNQLVRRKGRVYIINKTQKRYKARQG,0
MLGRTKLGNRNAQANNNAKKKNGFQTHFDSYAGREAEKLIASNKRHND,0
MTQRTLGGTVRKRKRTSGFRARMRTKSGQNVIKARRRKGRARLTV,0
MKAKSHLSNKKRKRASGFLARMKTKAGRKILARRRAKGRKRIAIK,0
MKVKPSVKTVCEKCKVIRRKGKVVIICSNAKHKQRQG,0
MKVKPSVKPICEKCKVIKRKGKVMVICENPKHKQKQG,0
GLPVCGETCFGGTCNTPGCSCTDPICTRD,0
GSSGLISMPRV,0
KHEYLRF,0
MGEITIRARIPKELEGSEGVLKTENSWEELEAEMHEDVFGHLYRAF,0
MTIDKTYPIFTVRWLTVHGLAVPTVSFLGSISAMQFIQR,0
MTWSKPAYTDLRIGFEVTMYFASR,0
HSQGTFTSDYSKYLDTRRAQDFVQWLMST,0
MKVRASVRKICSRCVALKRHGVLIVLCSNPKHKQRQG,0
MLRWVREITGWMVWIPDKARYAGIRETSGCGLGGSPLWEI,0
SGGGDGSGMWFGPRL,0
CIPKWNRCGPKMDGVPCCEPYTCTSDYYGNCS,0
MPRRRRSSSRPVRRRRRPRVSRRRRRRGRRRRR,0
LNPFRWMINKYREWKNKKN,0
MKVRSSIKSLKNRHRDCQVVKRRGRVYVINKTDPRFKARAG,0
SDRCKDLGISIDEENNRRLVVKDGDPLAVRFVKANRRG,0
MNKSQDKEKKYFLEYLSLAPVLAVISISVAFSTWAIFNYIFPDLLFHPLP,0
MRVSSSIKADPSKGDKLVRRKGRLYVINKKDPNRKQRQAGPARKK,0
MGKRKANHTISGMNAASAQGQGAGYNEEFANENLTAAERQNNKKRKKNQ,0
GCIKTGSGCTLSKGCCTKNCGWNFKCNPPNQ,0
MGYINVFAFPFTIYSLLLCRMNSRNYIAQVDVVNFNLT,0
KSCCRNTLARNCYNACRFTGGSQPTCGILCDCIHVTTTTCPSSHPS,0
SSSGLISMPRV,0
MARGDYYSDDGTTDKEMCPRCGDTFLAAHDDRQVCGRCGYTEWE,0
ACQGYMRKCGRDKPPCCKKLECSKTWRWCVWNPWE,0
MKVRASVKKICRNCKVIKRNGVVRVICSEPKHKQRQG,0
QKNDKKDRFYGLM,0
AYSNLNYLRF,0
MLLVSRNICRIKGNTIDWRNLKKDLSMTWIILK,0
GVPCLCDSDGPSVRGNTLSGILWLAGCPSGWHNCKAHGPTIGWCCKQ,0
MAKAKISPVANTGAKPPYTFRTGWALLLLAVNFLVAAYYFHIIQ,0
MKVRASVKKICDKCKVIHRRGVVRVICENSKHKQRQG,0
PPPPPGPPPNP,0
GIPCGESCVWIPCISAAIGCSCKNKVCYRN,0
MKRTYQPHNKRRKRTHGFLVRMRTRGGRKVLKRRRLKGRKRLAV,0
MESIAYVLIFACLIGLFFFAIFFREPPRITKK,0
MTEPNPNKQTVELNRTSLYWGLLLIFVLAILFSNYIFN,0
AMPMLRL,0
MRVKITLACTECKNRNYHTTKNKKNDPDRLELMKYCKFCKKHTLHRETK,0
MKRTYQPHKKSRKTTHGFRSRMATKNGRRVLAARRRKGRASLTV,0
MSVFLGYIIFLAAFFGLATGLFLGLKAIKLI,0
MKRISTTITTTITITTGNGAG,0
MDKNLLKYIYTVPVISTLWLLLTAGILIEINRFYPDALFYAF,0
MKKLERMSEVSQMCSEAKKNRKRMSVVSSVA,0
MNDQMFVETLIITSSFFAIAVVLVLSVLLIERTG,0
MEALVYVFLLVGTLMVIFFAIFFRDPPRIAK,0
MKVRNSLRSLKSRHRDCRVVRRKGRVYVINKTQRKFKARQG,0
INIKDILAKLVKVLGHV,0
MKRTFQPSVLKRNRSHGFRARMATKNGRQVLARRRAKGRSRLTVSK,0
MTIDRTFPIFTVRWLAVHGLAVPTVSFLGSISAMQFIQR,0
MSNPKRSPNHFAPNHIGTQPRAAGGNKGKQMQDQSGQHAQVIQTKGE,0
MVSQNPNRQKVELNRTSLFWGLLLIFVLAILFSSYIFN,0
GSSGLISFPRN,0
MTKNINQPVAYPIFTFRWLAVHGLAIPTVFFLGGITAMQFIQR,0
MADKPDMGEINSFDKAKLKKTETQEKNTLPTKETIEQEKQAK,0
MDTLTQKLTVLIAVLELLVALLRLIDLLK,0
FLFFAFPHPL,0
MKKKPVAQSERQHTLLENPCAYGLLSQFQAATVVNCFTLNKII,0
MKVRASVKTMCEKCKIVKRNGVVRNICTNPKHKQRQG,0
MLMILWFFNQIARCRVNFTGGDGYKPIILYHVIH,0
MIILLDLNGTIATDGKIKEGVKERLTILKERAEIYILSADTSEL,0
YKSDSFYGLM,0
MKRTYQPSVVRRKRTHGFRVRMATRGGRAVLNARRAKGRKRLAA,0
RPPGFSPFRIAPASSL,0
MKVRSSVKKICEKCKIVRRGGRVFVICENPRHKQKQG,0
MALINFDLLAELPVAYQAFAPTVDVLPLIPLFFFLLVFVWQAAVGFR,0
MDRNPNPNNLPVELNRTSLYLGLLLVFVTGVLFSSYFFN,0
MEVNILAFIATALFILIPTAFLLIIYVKTVSQND,0
TCRYLFGGCKTTADCCKHLACRSDGKYCAWDGTF,0
MERFIKRLSASCESTIHHKVYQIMNEAKTEFEKVLKKLK,0
ECRWFWGGCNNDADCCKHLECKRKWPHICLWDGTFT,0
MIELSLIDFYLCFLAFLLFLVLIMLIIFWFSLELQDHNETCHA,0
MKVRASVKSICKDCKVIRRNGSVRVICKNPRHKQRQG,0
MKVVSSIGSLKNRSKDCQVVKRRGRLYVICKSDPRLKVRQGGAKMKRK,0
SSGGGEGSGMWFGPRL,0
MYSCAKKKTTAAPEFRVWSPTTLLGQALTSLTTVDRTGNGAFW,0
QLYENKSRRPYIL,0
MKTLLVFLLLAILVAVLIGNIQVEACKDLTECSAGNRCMHGRCLPMLG,0
MRIAKIGVIALFLFMALGGIGGVMLAGYTFILRAG,0
NTFYCCELCCNPACAGCY,0
MATKRTYQPSNLKRKRDHGFRARMKTADGRKILSRRRAKGRKVLSA,0
MKRTYQPSKLKRNRTHGFRARMATKNGRQVLNRRRAKGRKRLTV,0
MKVKGSLKSHRNRDKNCKVVKRGGKVYIINKVKPRCKARQGS,0
DRDSCVDKSRCAKYGYYQQCEICCKKAGHRGGTCEFFKCKCKV,0
MNNSTKFCFSRFRTGN,0
METAALVAISISRLLVSFTGYALYTAFGQPSEQLRDPFEEHED,0
MTPKKRKSKSKKNLRKTNWKKKASKQAIKALAVAKHVLASYNTAEATTN,0
TDAVADGVHAISGVVDT,0
MKVRSSIKKIDQDDQIVKRRGRLYVINKKKPRNKQRQG,0
MGFGYGFGGGYGGGCYGGYAGGYGGGYGSTFVLLVVLFILLIIVGASFF,0
PGQDFMRF,0
MASEIFGIAVVFWVLIPVGLAGGALLLKLQGD,0
MAEEIFNTAVITFTLVLVGLGAGYLLLRLTPDD,0
MTDLNLPSIFVPLVGLLFPAIAMVSLFFHVQKNKIV,0
MKMSERRVGSYRKSTLRCWDWCKEQRTRAYIIWRCLIFLLRWDDY,0
MTKPNPNKQTVELNRTSLYWGLLLIFVLAILFSSYIFN,0
MKVRASVKKICDKCRVIRRNRKIIIICNNAKHKQRQG,0
MIRMDIVGITWAALMVVFTFSLSLVVWGRSGL,0
MLTLFSYFGFLFAALTLALVLFIGLNKIQLI,0
MKKRASVRKICQKCRLTRRRGRIRVICSNPRHKKRQG,0
QHP,0
MDRNQNPNRQPVELNRTSLYLGLLLIAVLGILFSSYFFN,0
MKVRPSVKKMCPKCKVIRRRGILRVICDNPRHKQRQG,0
MKVRASIKRICRECKLIKRHGVNRIICVNPKHKQRQG,0
GCCHPSTCHVRKGCSRCCS,0
MDIRLIIVLMPILMAASWAIYNIGKALVGQFGKMLNE,0
MKVRASVKKICANCRLIRRKRKILVICVNPKHKQRQG,0
MVNWQVIGQLVSTGLIGLLGPAVIILLALKKGNL,0
MEALVYTFLLVSTLGIIFFAIFFREPPTISTKK,0
CIIRNCPRG,0
EDKCSPSGAICSGFGPPEQCCSGACVPHPILRIFVCQ,0
MGKRKANHIISGMNAASAQGQGTGYNEEFANEPLTPAERQNNKKRKKNQ,0
RSADGFGRMESLLTSLRGSAESPAALGEASAAHPLE,0
MANTTGRIPLWLIGTIAGILVIGLVGIFFYGSYSGLGSSL,0
ECCRYVDCRRGCTPCC,0
EAAGLLAFPRV,0
APPGFTPFR,0
GIPCGESCVWIPCLTSAIGCSCKSKVCYRD,0
NNFSDCFWKYCV,0
MRDVTVVATSKFNIVKNRIKAERWVKI,0
MVEPLLSGIILGLIPVTLSGLLVAAYLQYQRGNQLGL,0
MADTTGRIPLWLIGTVTGIPVIGLIGIFFYGSYSGLGSSL,0
QHWSDYFKPG,0
MADIGTTGRIPLWLVGTVAGTAAIGLLGIFFYGSYVGLGSSL,0
MRVRASVKTLCRNCKVVRRRGVVRVICTDPRHKQRQG,0
MKRAKKFKDYFEDIKPVTDEELEELLNEPPRRRNRGNFKKAKKEFYRDF,0
MSVKTYPIFTFRWLAVHALAVPTVFFLGSITAMQFIQR,0
MDSLTQKLTVLIAVLELLVALLRLIDLLK,0
GIGSALANAAKLVAGIV,0
MPITDPELVAIFEKRVLNKKVCRRCGALNPMSATKCRRCRSKNLRPKKKK,0
MMYPKNLPAGADTLIGMVGAISLTVMMILFFIAIVWFLQGTR,0
GSTGLISFGRT,0
MKKLVLCVSILAVILSGVALTQLSTDSPSNIQVAERPVGG,0
MPQLVPFYFTNQIFYGFASLSVIVYLFSIYILPHYLEIYVTRIFITKT,0
MTIDRTYPIFTVRWLAVHGLAIPTVFFLGSISAMQFIQR,0
MIEVFLFGIVLGLIPVTLAGLFVTAYLQYRRGDQSDL,0
KPNPERFYGLM,0
QQWAVGHFM,0
MNQKFEAVNAIDRNVTDVADANDR,0
LDLTPGSHVDSYVEA,0
AELPQGLWVRPRL,0
QFRPSYQIPP,0
MLLLAKLPEAYAPFDPIVDVLPVIPVLFLLLALVWQASVSFR,0
MKRTYQPNRRKRSKVHGFRARMSTKNGRKVLARRRRKGRKVLSA,0
METATIFSIFFSCLLIGLTGYSLYTSFGNASSELRDPFEEHED,0
YCCHPACGKNFDC,0
MCLLVIKSVMLSIVISLRRLLDYLDLTLQVL,0
MIEVFPFGIVLGLIPITLAGLFVTAYLQYRRGDQLDL,0
MELLAALNLEPIFQLTFVGLIMVAGPVVIFLLAFRGGDL,0
MSMRLVVVLLPLGIALGWAVYNIGKLAIEQWRRTGSKV,0
MKVRPSVKKICPKCKVIRRKGVLRVICENPRHKQRQG,0
MKRTFQPSVVKRKRTHGFRARMKTRGGRAVIAARRSKGRARLSA,0
MPTITSYFGFLLAVLTITSGLFISLRKLRLI,0
YLDSGLGAPVPYPDPLEPKREVCELNPNCDELADHIGFQEAYQRFYGPV,0
MDILTLGWVSVLTLFTYSIAMVVWGRHGM,0
MRARLCQESALDSFLSMRLDGGGHWGRCRRAPDPLWEEQDIA,0
TIINEKCFATSQCWTPCKKAIGSLQSKCMNGKCKCYNG,0
PRRRRQASRPVRRRRRYRRSTAARRRRRVVRRRR,0
MRVNITLACTECGDRNYISKKNKRNNAERIELKKYCKRDKKSTLHRETK,0
MPRRRRASRRVRRRRRPRVSRRRRRGGRRRR,0
PAPESGFIRDP,0
MPCPCGSGCKCASQATKGSCNCGSDCKCGGDKKSACGCSK,0
KIKSGWERLTSESEYACPAIDKFCEDHCAAKKAVGKCDDFKCNCIKL,0
MPMATTIEGADYTNIMPITVLTTVYLGVSIGIDTSTTGFTCFSRY,0
MKVRPSVKKMCDKCRLIKRKGTLRVICQNPKHKQRQG,0
MMIFQIGWAALAAIFTFSIAMVVWGRNGDGSIDI,0
MSEGGKIPLWIVAVVAGMGVIAVVGIFFYGAYAGVGSAV,0
METATFVAIFISCLLISFTGYALYTAFGQPSNELRDPFEEHED,0
MGDILTGVSGAEAATAMIAAAAIIALVGFTKWGAKKVASFFG,0
MKLNAFHLVVVVLIVSIFSVSSEDQTNGDIEYIDSNKISSYNDELCKDI,0
MVIGLVIFVSVAATIVGVLSNVLDMIMYVEENNEEDAKIKEEQELLLLY,0
MNDFQKYLSTAPVLLTLWMTFTAGFIIEVNRFFPDMLGLYF,0
FGFLPIYRRPAS,0
ISDFDEYEPLNDADNNEVLDF,0
TVIDVKCTSPKQCVPACKAAMGTVRAKCMNGKCKCYI,0
AFGTILKALAKIAGKVVKKLATKPGATYMLKENLQ,0
MRVKINLKCSSCGSKNYLTSKNKSNHPDKIEVPKYCPKERKVTLHIES,0
MAIVGTIIKIIKAIIDIFAK,0
NPYAFGL,0
PTHIKWGD,0
KPWERE,0
GPSFCKADEKPCEYHSDCCNCCLSGICAPSTNWILPGCSTSSFFKI,0
FKIISFLSTIFLGFFIISTTIYSIYMGFGPMSRKLKDPFEEHEN,0
MRVNITLACTECGERNYISKKNKRNNPDRVEFKKYCPRDKKSTLHRETK,0
MDIVSFAWAALMVVFTFSLSLVVWGRSGL,0
ESAGLIPFPRV,0
MGYKCTRCKQKVEIDYEYTGIRCPYCGHRILVKERPTTIKRIKAE,0
KECMTDGTVCYIHNHNDCCGSCLCSNGPIARPWEMMVGNCMCGPKA,0
GGETGNDAKAMWFGPRL,0
AAAGDNFMRF,0
MADTTGRIPLWIIGTVAGILVIGLIGIFFYGAYSGLGSSL,0
METATLITIFLSGLLVSFTGYALYTAFGQPSQQLRDPFEEHGD,0
DRDSCVDKSKCGKYGYYGQCDECCKKAGDRAGICEYYKCKCNP,0
ISALFDEYEPLNDAD,0
MEVTPLETGRARSHQKASTAAQPHAADEKMTGSTARRYLSQDHQSV,0
MEAFAYVLILTLAVVTLFFAVAFRDPPKFDRK,0
YAEGTFISDYSIAMDKIRQQDFVNWLLAQKGKKSDWKHNITQ,0
MLTLKIFVYTVVIFFVSLFIFGFLSNDPARNPGRKEN,0
MAEFKSKLNKGHAFTSKCASLVKEQRARLYILRRCATMLCCWYIQGDE,0
MKFLSLAFVLGLLALANATPLNPGNVIINGDCRVCNVRA,0
GGEEQFDDYGHMRF,0
MKNTEKLEQFKEVTEAELQEIRGGDKRLPYFFKHLFSNRTK,0
DRDSCVDKSRCAKYGYYQECQDCCKKAGHSGGTCMFFKCKCA,0
FLSGLVGALAKMF,0
SLCDKPHHNCIDGQTCYHTCCQNGLKCVRYP,0
MAFSELNIDILTRSKARGG,0
MITDVQLAIFSNVLGVFLFLLVVAYHYINANTGKSSIKTK,0
ECCHPACGKHFSC,0
MEALVYTFLLVGTLGIIFFAIFFREPPRIIAKTKK,0
PKVSPRWPPIPP,0
MKIKNSLKALKGRHRDNRVVRRKGRIYILNKTNPRFRARQG,0
MLALKVTVYVVVLFFVALFVFGFLSSDPARTPSRKDLED,0
SDPNFLRF,0
MAQSSSAPLQALNVRVYPIFTVRWLAVHVLGVPTVFFLGAITAMQLIRR,0
ILME,0
MAYRGFKTSRVVKHRVRRRWFNHRRRYR,0
GFNPCGETCIWFPTCHAPGCTCSIANICVRN,0
TCKQKGEGCSLDVECCSSSCKPGGPLFDFDC,0
PDMYAFGL,0
MTQTNPNEQSVELNRTSLYWGLLLIFVLAVLFSNYFFN,0
GCIATGSVCTLSKGCCTKNCGWNFKCNPPNQ,0
EQWQPQLHR,0
LADDMPATMADQEVYRPEPEQIDSRNKYFSPRL,0
MKVNPSVKPICDKCRLIRRHGRVMVICSDPRHKQRQG,0
MSKKITLACAVCSSRNYSTNKNVSNQSTRLEVKKFCKTCGKHTLHRETK,0
MMKLVIILVVLLLLSFPTY,0
GLLGFVGSLLGGLGI,0
GGNTECFWKYCV,0
HNPASFIGLM,0
GFGSLFKFL,0
MKRISTTITTTITTTITITITTGNGAG,0
MNLCWQKSIYD,0
MSDINATRLPIWGIGCNPCVGDDVTSVLTRGEALC,0
RLHQNGMPFSPRL,0
MAVYRCGKCWKTFTDEQLKVLPGVRCPYCGYKIIFMVRKPTIKIVKAI,0
TTCCPSIVARSNFNVCRLPGTPEALCATYTGCIIIPGATCPGDYAN,0
SDPEAPGIWFGPRL,0
DCLGFMRKCIPDNDKCCRPNLVCSRTHKWCKYVF,0
LRQSQFVGSR,0
SDRNFLRF,0
EDDHDHHHHHHHHHHHHGVGGGGGGGGGGA,0
MRDLKTYLSVAPVLSTLWFGALAGLLIEINRLFPDALTFPFFSF,0
MARYRCCRSQSRSRCYRQRRSRRRKRQSCQTQRRAMRCCRRRSRLRRRRH,0
MLRTYQPKKRQRKKEHGFRKRMKTANGRKVLRRRRLKGRKVLSA,0
MSMTSDDIIYVVFALGLVVSFGLGAITAGVFR,0
GIPCGESCVWIPCLTSAVGCSCKSKVCYRN,0
GVPINVKCTGSPQCLKPCKDAGMRFGKCINGKCHCTPK,0
MKLFILDYEKKRTKIGKGMARRELKMMNKKPDLYTIIVSYFSIFSLFFF,0
MRAECSAFRYFLKGDGDLVLSVYIRVLCVFLEPVQRGSCSL,0
MVDKFNNSDC,0
FFECTFECDIKKEGKPCKPKGCKCKDKDNKDHKKCSGGWRCKLKLCLKF,0
LDPKVVQSLL,0
DASFHSWG,0
MAQDIISTIGDLVKWIIDTVNKFTKK,0
MSDKPDMAEIEKFDKAKLKKTETQEKNPLPSKETIEQEKQTSES,0
MAVPDRRVSKTRAAKRRTHYSVKLAKPIKAKDGTWKLPHHINKFTKEY,0
MKRTYQPSKLVRKRRHGFRARMATVGGRRIIAARRARGRKKLSA,0
NWSWCSGSGEGCDYHSECCGERCCIESMCIGDGVACWP,0
TVINVKCTSPKQCLKPCKDLYGPHAGAKCMNGKCKCYNN,0
WDVNDCIHFCLIGVVERSYTECHTMCT,0
GVDKEGCRYLLGACTIDDDCCLHLGCNKKYGHCGWDGTF,0
MEALVYTFLLVSTLGIIFFAIFFREPPKVPTKKMK,0
IACAPRGQLCFSDKLCCIGLRCKSRVANMWPTFCLV,0
MSKRTFQPNNRRRAKVHGFRLRMRTRAGRAILAARRRKGRVELSA,0
INWLKLGKAVIDAL,0
MSGSVCCACDTRFFRAQWVDCGFGGSSSVVVGASPQGLLRVR,0
MEYRGGWYSYFLCGVLSGKGARRAGAIERVENLYAFFFACYHAPTSGGLK,0
DVCDSLVEGRCIHNGCWCDEEAPHGNCCDTAGCTAWWWCPGTKFD,0
MQHVKIYLSTAPVVATIWFGLLAGLLIEINRFFPDALLFPFP,0
QRLGHQWAVGHLM,0
INWKKMAATALKMI,0
MKVLKSLKSAKARHPDCQIVRRRGRLYVICKSNPRFKAVQK,0
LPLRF,0
MKVKPSVKKICDKCKVIRRHGRVMVICQNLRHKQRQG,0
MKRTFQPSVLKRARTHGFRARMATKNGRQVLARRRAKGRKSLSA,0
MKRTYQPSKIKRQRTHGFRARISTIGGKRVIAARRSKGRVRLTV,0
MLTLKIFVYTVVIFFVSLFIFGFLSSDTGRNPKRKDIE,0
MVTEGLKPHISIKKKKRKSGFLARMRTKSGRKIIARRRRKGRKRLAP,0
MIRIISRANSVTSSNEVNRLVTGQIPHD,0
MRVNITLACTECGERNYITKKNKRNNPDRVEFKKYCSRDKKQTVHRETK,0
MNLEVLAQLTVLTLIVISGPLVIALLAVRKGNL,0
MTQSNPNEQDVELNRTSLYWGLLLIFVLAVLFSNYFFN,0
SENTGAIGKVFPRGNHWAVGHLM,0
QLTFTPNWGT,0
FVPIFTHSELQKIREKERNKGQ,0
MTFQILFLFVFHFVYIFRAHQYPAYFEDEKDTYIKIRIYSPRSIS,0
MLTLTSYFGFLLAALTITSALFIGLSKIRLI,0
FIYHSYK,0
MDILSLGWAALMTMFTFSLALTVWARNGF,0
MPMATTIDGTDYTNIMPSTVSTTVYLGGSIGIDTSTTGFTCFSWY,0
MFAEGRIPLWVVGVVAGIGAIGVLGLFFYGAYAGLGSSM,0
MCKLMWCTGVVSKTALLTGNFFFSSSEFFFKATHRKSENYLNGRQT,0
ALCNCNRIIIPHMCWKKCGKK,0
FDDYGHMRF,0
GVACLCDADGPSVSGNTLSGILWLAGCPSGWHNCKAHGPTIGWCCKK,0
MPTWLTTIFSVVIILGIFAWIGLSIYQKIKQIRGKKKDKKEIERKESNK,0
DICDIAIAQCSLTLCQDCENTPICELAVKGSCPPPWS,0
CCSQDCRVCIPCCPY,0
MKVRPSVKPICEKCKVIRRKGKIRIICENPKHKQRQG,0
MSDINATRLPIWGIGCNPSVGDEVTALLASGEA,0
MVIIKYTTKTQPTPVKEMFISPQHYAKWRSHMGSKLTSVKPIKGGR,0
MEALVYTFLLIGTLGIIFFAIFFREPPRMVK,0
DRDSCVDKSKCSKYGYYGQCDKCCKKAGDRAGNCVYFKCKCNQ,0
MAVPKRRVSKTRAAKRRTHYKVSLPIPVKDKDGSWKLPHRINTKTGEY,0
MTIDRTYPIFTVRWLAVHGLAVPTVFFLGSISAMQFIQR,0
MNIVIVQLGSLALITLAGPIIIVLLFLKQGNL,0
MPRRRRASRPVRRRRRPRVSRRRRRGGRRRR,0
VYGMLFKFL,0
QQRLGNQWAVGHLM,0
MPRDIITFQCTECKNRNYTSTKNKKTTTERLEMKKFCRHCRKHQGHKEIK,0
MPTRSTNPNKQPVELNRTSLFLGLLLVFVLGILFSSYFFN,0
MLFKKISKFVGWLSGSSVGSITSKTHE,0
FLLSLPHLASGLASLVLSK,0
MERSHVKRLPQLGHNIFAWKINIDEVSLLLKFCRSCNIFWSCSNSFFDM,0
MEVNILALIAIALFISVPTAFLIIIYVKTISENN,0
QTFHYSQGWTN,0
SGCCKHPACGKNRC,0
MDLITITWASVMVAFTFSLSLVVWGRSGL,0
MEALVYTFLLVGTLGIIFFSIFFRDPPRMIK,0
QVNFSPGW,0
MITPHNYINNSCTTTITTTTTTTAMNKGGTLFEALVIKKQ,0
GLPVCGETCFGGTCNTPGCSCDPWPMCSRN,0
MLRTYQPKKRHRKKVHGFRKRMSTKAGRNVLKRRRLKGRHRLTA,0
MQVVNSLRSAKQRHPDCQLVKRKGRLYVICKSNPRFKAVQGRKKRR,0
MEAALLLAKLPEAYQIFDPLVDVLPIIPVFFLLLAFVWQAAVGFR,0
MVFLLFLSFVLSSIFLVPLVYMLNKVFLFNRNRVVNYDSIRKLALTRME,0
MKRTYQPSTVRRKRTHGFRARMKTKAGRAVINARRAKGRARLAV,0
MVHYEVVQYLMDCCGITYNQAVQALRSNDWDLWQAEVAIRSNKM,0
MGKKTVGVKKRLAKAYKQNRRAPVWITVKTKRSVFGSPKRRHWRRSKLKV,0
ECGTLFSGCSTHADCCEGFICKLWCRYERTW,0
MNSELLIQLGSLTLITLTGPLIIGIIFIRKGNL,0
MTQRTLRGTNRRRIRVSGFRARMRTASGRQVLRRRRAKGRYRLAVS,0
MADTTGRIPLWLIGTVTGIPVIGLVGVFFYGSYSGLGSSL,0
NSELINSILGLPKVMNEA,0
MRNLKTYLSVAPVLSTLWFGSLAGLLIEINRFFPDALTFPFFSF,0
MSLRKSKYEVLERLEVGLRIVSLALVVAKTLVELVDTTLI,0
KRRPPGFTPFR,0
MGFLTDFFSNINFETIAQLTMLAMVLIAGPVVIVLLALQGGDL,0
HSQGTFTNDYTKYQDSRRAQDFVQWLMSN,0
RNRRWCIDQQA,0
DCLGWFKSCDPKNDKCCKNYTCSRRDRWCKYYL,0
MKRFLIGAGVAAVILSGWFIADHQTHSQEMKVAEKMIG,0
MQDVKTYLSTAPVLAAIWFGILAGLLIEINRFFPDALVLPYV,0
MKRTYQPSKLVRKRRHGFRARMATAGGRKVIAARRAHGRKRLSA,0
VGFFT,0
HSQGMFTNDFSKYLEEEHAKEFVEWLKNGKS,0
TPLQPKYPGDGAPVEDLIQFYDDLQQYLNVVTRPRF,0
GCCGKYPNAACHPCGCTVGRPPYCDRPSGG,0
MLRTYQPKKRHRKKVHGFRKRMSTKSGRNVLKRRRQKGRHRLTA,0
QSFGNQWARGHFM,0
MIEVFLFGIVLGLIPITLAGLFVTAYLQYRRGDQLDL,0
MTIDRTYPIFTVRWLAIHGLAVPTVSFLGSISAMQFIQR,0
MFKIFRTKWFRSAPVLATLWLSSTAVILIGVNSYFPDYLFMPMS,0
AFGTILKALAKIAAKAVKKLATKPGATYMLKQNLE,0
MARFEEAENRLFNIKICLKCNARNPPTAKTCRKCGYKGLRYKAKEPRG,0
MKHIQIRNSDMDWHIAANNLG,0
